"Timestamp","study","Journal Name","Study Number (from COVIDENCE)","Study Start Date (patient enrollment)","Study_End","country","haq_score","Region","Hospital or Region Name, City","Overlap","Study Design","Setting","Setting Detail","Study Sample Size","Age Group","Special_Pop","Special Population","Special Population Detail","Age","Age measure of central tendency","Female","% female","Severity","Disease Severity Detail","mech_vent","%Mech_Vent","Number of patients with ARDS","%ARDS","smoker","%smokers","COPD","%COPD","CVD","%CVD","diabetes","%DM","Number of Immunocompromised Patients","deaths","%Deaths","Did the study report any antimicrobial stewardship initiatives in place?","If yes to above, list ASP initiatives:","abx_timing","How did the authors describe timing of antibiotic use?","abx","abx_sample","%abx","Antibiotic Prescribing","Report_other_AMU","If yes to above, list antibiotic or antifungal metrics ","Report_Classes","Number of intravenous antibiotic courses","Number of beta-lactam courses","Number of beta-lactam plus beta-lactamase inhibitor courses","Number of macrolide courses","Number of fluoroquinolone courses","Number of 1st generation cephalosporin courses","Number of 2nd and 3rd generation cephalosporin courses","Number of carbapenem courses","Number of tigecycline courses","Number of doxycycline courses","Number of lincomycin/clindamycin courses","Number of linezolid courses","Number of vancomycin courses","Cephalosporins","Aminoglycosides","Colistin/Polymyxin","Other","coinfected_bacterial","coinfected_sample"
"07/02/2020 13:59","Abrishami, A","European Urology",5096,"02/01/2020","04/01/2020","Iran",72,"Middle East","Shahid Labbafinejad Hospital","N","Case Series >10","Hospital",,12,"Adults","Y","Transplant","Transplant",47.7,"Mean",3,0.25,"All","All",9,0.75,,,,,0,0,1,0.083333333,0,0,,8,0.666666667,"No",,"Not reported","""and suitable intravenous antibiotics were initiated for all patients""",12,12,"100.00%","12 (100.0%)","No",,"No",,,,,,,,,,,,,,,,,,,
"07/02/2020 12:02","Alberici, F","Kidney International",5615,"02/27/2020","03/24/2020","Italy",95,"Europe","Brescia","Y","Case Series >10","Hospital",,20,"All","Y","Transplant","Transplant",59,"Median",4,0.2,"All","All",0,0,11,0.55,,,,,17,0.85,3,0.15,20,5,0.25,"Yes",,"Not reported","Not specified",11,20,"55.00%","20 (55.0%)","No",,"Yes",,7,,,5,,,2,,,,,1,13,,,,,
"07/12/2020 16:36","Alberici, F","Kidney International",6008,"03/01/2020","04/03/2020","Italy",95,"Europe","four dialysis centers of the Brescia Renal COVID Task Force","N","Retrospective Cohort","Hospital/Outpatient","57 of 94 hospitalized",94,"not specified","Y","Dialysis","Dialysis",72,"Median",32,0.340425532,"All","All",,,47,0.5,,,10,0.106382979,16,0.170212766,11,0.117021277,,27,0.287234043,"No",,"Not reported","""antibiotics were administered""",80,94,"85.10%","94 (85.1%)","No",,"Yes",,15,,36,14,,,10,,,,,13,39,,,,,
"07/07/2020 14:08","Argenziano M","BMJ",6606,"03/01/2020","04/05/2020","United States",89,"North America","New York Presbyterian/Columbia University","N","Retrospective Cohort","Hospital",,1000,"All","N",,,63,"Median",404,0.404,"All","All",136,0.136,299,0.299,49,0.049,66,0.066,601,0.601,372,0.372,35,211,0.211,"No",,"Not reported","not specified",552,850,"64.90%","850 (64.9%)","No",,"Yes",,201,250,405,21,,201,80,,50,,,167,,,,145,58,236
"06/29/2020 15:10","Barrasa, H","Anaesthesia, Critical Care and Pain Medicine",1554,"03/04/2020","03/31/2020","Spain",92,"Europe","University Hospital Araba, Vitoria","N","Retrospective Cohort","Hospital ICU",,48,"Adults","N",,"Critically Ill ",63,"Median",21,0.4375,"Severe/Critical","Severely Ill",45,0.9375,48,1,9,0.1875,18,0.375,5,0.104166667,9,0.1875,3,6,0.125,"No",,"E","E",42,48,"87.50%","48 (87.5%)","No",,"Yes",,17,,9,22,,10,,,,,32,,,,,,6,48
"07/02/2020 15:10","Buckner, F","Clinical Infectious Diseases",5842,"03/02/2020","05/08/2020","United States",89,"North America","Seattle, Washington - 3 hospitals","N","Case Series >10","Hospital",,105,"Adults","N",,"35% admitted from senior home or skilled nursing facility",69,"Median",52,0.495238095,"All","All",19,0.180952381,28,0.266666667,"22/86",0.255813953,11,0.104761905,40,0.380952381,35,0.333333333,,35,0.333333333,"No",,"Not reported","Patients were considered to have received antibiotics during their admission if these were given for more than 48h",51,105,"48.60%","105 (48.6%)","No",,"No",,,,,,,,,,,,,,,,,,,
"06/30/2020 9:50","Buetti, N","J Infection",2135,"04/09/2020","05/20/2020","Switzerland",96,"Europe","Southern Switzerland","N","Retrospective Cohort","Hospital ICU",,48,"Adults","N",,,66.5,"Median",11,0.229166667,"Severe/Critical","Severely Ill",,,,,,,,,38,0.791666667,13,0.270833333,,12,0.25,"No",,"D","D",19,48,"39.60%","48 (39.6%)","No",,"No",,,,,,,,,,,,,,,,,,,
"07/10/2020 10:52","Cai, J","Clin Infect Dis",316,"01/19/2020","02/03/2020","China",78,"China","Children's Hospital in Shanghai, Hainan, Hefei in Anhui Province, and Qingdao in Shandong province","N","Case Series >10","Hospital",,10,"Children","N",,,6.2,"Median",6,0.6,"All","All",,,,,,,,,,,,,,,,"Yes","""Empirical anbiotic initiation is not recommended for treatment of non-severe 2019-nCoV-associated pneumonia without evidence of superbacterial infection""","E","E",5,10,"50.00%","10 (50.0%)","No",,"No",,,,,,,,,,,,,,,,,,,
"07/05/2020 8:42","Cai, Q","Allergy",751,"01/11/2020","03/06/2020","China",78,"China","Third People's Hospital of Shenzhen","N","Retrospective Cohort","Hospital",,298,"All","N",,,47.5,"Mean",153,0.513422819,"All","All",16,0.053691275,,,,,,,11,0.036912752,19,0.063758389,,3,0.010067114,"Yes",""" In our hospital, antibacterial therapy was strictly monitored and
prescribed only to those with a conrmed bacterial infection or in some highly suspected cases, except for those needing mechanical ventilation or otherwise indicated""","Not reported","""received antibacterial therapy""",37,298,"12.40%","298 (12.4%)","No",,"No",,,,,,,,,,,,,,,,,,30,298
"06/30/2020 11:49","Cao, B","NEJM",232,"01/18/2020","02/03/2020","China",78,"China","Wuhan","N","Randomized Controlled","Hospital",,199,"Adults","N",,,58,"Median",79,0.396984925,"All","All",65,0.326633166,39,0.195979899,,,,,13,0.065326633,23,0.115577889,,44,0.221105528,"No",,"D","D",189,199,"95.00%","199 (95.0%)","No",,"No",,,,,,,,,,,,,,,,,,,
"07/09/2020 1:08","Cao, J","Clinical infectious diseases",738,"01/03/2020","02/15/2020","China",78,"China","Wuhan University Zhongnan Hospital , Wuhan","N","Prospective Cohort","Hospital",,102,"Adults","N",,,54,"Median",49,0.480392157,"Severe/Critical","Severely Ill",14,0.137254902,20,0.196078431,,,,,5,0.049019608,11,0.107843137,,17,0.166666667,"No",,"E","E",101,102,"99.00%","102 (99.0%)","No",,"Yes",,,,,87,,,25,,,,5,,34,,,,,
"07/03/2020 11:02","Cao, Y","Journal of Allergy and Clinical Immunology",6634,"02/09/2020","02/28/2020","China",78,"China","Tongji hospital, No.1 hospital and the Third Xiangya hospital in China","N","Randomized Controlled","Hospital",,41,"Adults","N",,"ruxolitinib vs. SOC",63,"Median",17,0.414634146,"Severe/Critical","Severely Ill",9,0.219512195,,,4,0.097560976,,,3,0.073170732,8,0.195121951,,3,0.073170732,"No",,"Not reported","""antibiotic agents""",20,41,"48.80%","41 (48.8%)","No",,"No",,,,,,,,,,,,,,,,,,,
"07/08/2020 13:00","Cavalli, G","Lancet Rheumatology",4288,"03/17/2020","03/27/2020","Italy",95,"Europe"," San Raffaele Hospital in Milan","N","Retrospective Cohort","Hospital",,36,"Adults","N",,"patients receiving anakinra",63.1,"weighted average of medians",7,0.194444444,"Moderate-Severe","Moderate to severe",36,1,36,1,4,0.111111111,2,0.055555556,4,0.111111111,8,0.222222222,,3,0.083333333,"No",,"E","E",36,36,"100.00%","36 (100.0%)","No",,"No",,,,,,,,,,,,,,,,,,,
"07/08/2020 9:31","Chao, J","Journal of Pediatrics",4387,"03/15/2020","04/13/2020","United States",89,"North America","Children�s Hospital at Montefiore, New York","N","Retrospective Cohort","Hospital",,46,"Children","N",,,13.1,"Median",15,0.326086957,"All","All",6,0.130434783,10,0.217391304,,,,,1,0.02173913,,,2,1,0.02173913,"No",,"E","E",25,46,"54.30%","46 (54.3%)","Yes","no diff in duration of abx b/w medical unit and picu, reported metrics of empiric <48h vs. continued >48h antibiotics. ","No",,,,,,,,,,,,,,,,,,,
"06/24/2020 18:54","Chen T","BMJ",1294,"01/13/2020","02/12/2020","China",78,"China","Tongi Hospital, Wuhan","N","Case Series >10","Hospital",,274,"Adults","N",,"large subset of fatalities",62,"Median",103,0.375912409,"All","All",119,0.434306569,196,0.715328467,19,0.069343066,18,0.065693431,23,0.083941606,47,0.171532847,2,113,0.412408759,"No",,"Not reported","""... received empirical antibacterial therapy (moxifloxacin, cefoperazone, or azithromycin)""",249,274,"90.90%","274 (90.9%)","No",,"No",,,,,,,,,,,,,,,,,,,
"06/29/2020 14:10","Chen, G","Journal of Clinical Investigation",1515,"late December","01/27/2020","China",78,"China","Tongji Hospital, Wuhan","N","Retrospective Cohort","Hospital",,21,"All","N",,,56,"Median",4,0.19047619,"All","All",9,0.428571429,,,,,,,,,3,0.142857143,,4,0.19047619,"No",,"E","E",21,21,"100.00%","21 (100.0%)","No",,"Yes",,,,,15,,7,,,,,4,,13,,,,,
"07/07/2020 11:53","Chen, J","Genes and Diseases",8059,"01/28/2020","02/11/2020","China",78,"China","YongChuan hospital of ChongQing medical university, Chongqing Three Gorges Central Hospital and The Public Health Center, Chongqing.","N","Case Series >10","Hospital",,12,"Children","N",,,14.5,"Median",6,0.5,"Mild","Mildly Ill",,,,,,,,,,,,,,,,"No",,"Not reported","No patients received glucocorticoid or antibiotics during treatment",0,12,"0.00%","12 (0.0%)","No",,"No",,,,,,,,,,,,,,,,,,,
"07/03/2020 10:46","Chen, N","Lancet",651,"01/01/2020","01/25/2020","China",78,"China","Wuhan Jinyintan Hospital","N","Case Series >10","Hospital",,99,"Adults","N",,,55.5,"Mean",32,0.323232323,"All","All",17,0.171717172,17,0.171717172,1,0.01010101,,,,,12,0.121212121,,11,0.111111111,"No",,"Not reported","Treatment was 3�14 days (median 3 days [IQR 3�6]). Most patients were given antibiotic treatment (table 2); 25 (25%) patients were treated with a single antibiotic and 45 (45%) patients were given combination therapy",70,99,"70.70%","99 (70.7%)","Yes","Most patients were given antibiotic treatment (table 2);
25 (25%) patients were treated with a single antibiotic
and 45 (45%) patients were given combination therapy.
The duration of antibiotic treatment
was 3�17 days (median 5 days [IQR 3�7)","No",,,,,,,,,,,,,,,,,,1,99
"07/08/2020 9:11","Chen, Q","Infection",4534,"01/01/2020","03/11/2020","China",78,"China"," Taizhou Enze Medical Center (Group) Enze Hospital","N","Case Series >10","Hospital",,145,"not specified","N",,,47.5,"Mean",66,0.455172414,"All","All",1,0.006896552,1,0.006896552,15,0.103448276,6,0.04137931,,,14,0.096551724,,0,0,"No",,"Not reported","""received antibacterial therapy""",28,145,"19.30%","145 (19.3%)","No",,"No",,,,,,,,,,,,,,,,,,,
"07/05/2020 10:55","Chen, R","Chest",8553,"not stated","01/31/2020","China",78,"China","e National Health Commission of the People�s Republic of China, a retrospective cohort to study COVID-19 admitted cases from 575 hospitals throughout China was established","N","Retrospective Cohort","Hospital",,1590,"not stated","N",,,48.7,"average of median - fatal and non fatal",686,0.431446541,"All","All",49,0.03081761,,,109,0.068553459,24,0.01509434,59,0.037106918,130,0.081761006,3,50,0.031446541,"No",,"Not reported","""treatment - antibiotics""",914,1062,"86.10%","1062 (86.1%)","No",,"No",,,,,,,,,,,,,,,,,,,
"07/03/2020 14:30","Chen, X","Journal of Medical Virology",704,"01/26/2020","01/31/2020","China",78,"China"," Chongqing Three Gorges Central Hospital, Chongqing","N","Retrospective Cohort","Hospital",,78,"All","N",,,45,"Median",39,0.5,"All","All",,0,10,0.128205128,,,,,,,,,,,,"No",,"Not reported","""antibiotic therapy""",21,78,"26.90%","78 (26.9%)","No",,"No",,,,,,,,,,,,,,,,,,,
"07/02/2020 13:09","Chu, J","Journal of Medical Virology",451,"01/07/2020","02/11/2020","China",78,"China","Tongji Hospital, Wuhan","Y","Case Series >10","Hospital",,38,"Adults","N","Healthcare Workers","Healthcare Workers",39,"Median",14,0.368421053,"All","All",,,,,,,,,,,,,,0,0,"No",,"Not reported","not specified "".. were used antimicrobial agents""",22,36,"61.10%","36 (61.1%)","No",,"No",,,,,,,,,,,,,,,,,,,
"07/13/2020 12:04","Colaneri, M","Eurosurveillance",2754,"02/21/2020","02/28/2020","Italy",95,"Europe","Pavia, Northern Italy","N","Retrospective Cohort","Hospital",,44,"not specified","N",,,67.5,"Median",16,0.363636364,"All","All",,,,,,,,,11,0.25,7,0.159090909,0,2,0.045454545,"No",,"Not reported","not stated",32,44,"72.70%","44 (72.7%)","No",,"Yes",,,32,,,,,,,32,,,,,,,,0,44
"07/02/2020 10:20","Cosgriff, R","Journal of Cystic Fibrosis",4148,"02/01/2020","04/13/2020","Multiple","#N/A","Multiple","Multiple - 8 Countries: AU/NZ/US/CA/ND/IR/FR/UK","N","Retrospective Cohort","Hospital/Outpatient","not reported/mixed",40,"All","Y","Cystic Fibrosis","Cystic Fibrosis",33,"Median",16,0.4,"All","All",1,0.025,,,,,,,,,,,,0,0,"No",,"Not reported","""..received acute oral or IV antibiotics""",25,40,"62.50%","40 (62.5%)","No",,"No",,,,,,,,,,,,,,,,,,,
"07/07/2020 13:58","Cummings, M","The Lancet",5859,"03/02/2020","04/28/2020","United States",89,"North America","Milstein Hospital & Allen Hospital, Manhattan","N","Prospective Cohort","Hospital",,257,"Adults","N",,,62,"Median",86,0.33463035,"Severe/Critical","Critically Ill",206,0.80155642,,,33,0.128404669,24,0.093385214,49,0.190661479,92,0.357976654,,101,0.392996109,"Yes","""Antibiotics were de-escalated based on pertinent culture data at the discretion of treating clinicians in collaboration with infectious disease consultants""","E","E",229,257,"89.10%","257 (89.1%)","No",,"No",,,,,,,,,,,,,,,,,,,
"06/30/2020 16:37","Dai, H","Internationl Journal of Infectious Diseases",1497,"01/10/2020","02/07/2020","China",78,"China","Jiangsu","N","Prospective Cohort","Hospital",,234,"All","N",,,44.6,"Mean",98,0.418803419,"All","All",11,0.047008547,,,,,,,,,,,,,,"No",,"E","E",118,234,"50.40%","234 (50.4%)","No",,"No",,,,,,,,,,,,,,,,,,,
"06/29/2020","Deng, L","Journal of Infection",1364,"01/17/2020","02/13/2020","China",78,"China","Fifth Affiliated Hospital of Sun Yat-Sen University","N","Retrospective Cohort","Hospital",,33,"Adults","N",,"LPV/r+Arbidol vs. LPV/r",44.6,"Mean",16,0.484848485,"All","All",,,,,,,1,0.03030303,5,0.151515152,5,0.151515152,,,,"No",,"Not reported","""number of antibacterial agents""",21,33,"63.60%","33 (63.6%)","No",,"No",,,,,,,,,,,,,,,,,,,
"07/07/2020 11:36","Deng, Y","Chinese Medical Journal",7667,"01/01/2020","02/21/2020","China",78,"China","(Hankou and Caidian branch of Tongji Hospital, Tongji Medical College, Huazhong University of Science & Technology, and Hankou branch of The Central Hospital of Wuhan","N","Retrospective Cohort","Hospital",,225,"Adults","N",,"death and recovered patients",54,"weighted average of median",101,0.448888889,"All","All",21,0.093333333,108,0.48,,,,,17,0.075555556,26,0.115555556,,109,0.484444444,"No",,"Not reported","""received antibiotics""",191,225,"84.90%","225 (84.9%)","No",,"No",,,,,,,,,,,,,,,,,,,
"07/03/2020 21:18","Dong, X","European Journal of Allergy and Clinical Immunology",248,"01/19/2020","03/07/2020","China",78,"China","Zhongnan Hospital of Wuhan University, Wuhan No.7 Hospital and Wuhan Children�s Hospital, Wuhan","N","Case Series >10","Hospital",,11,"All","N",,,43,"Median",5,0.454545455,"All","All",2,0.181818182,,,1,0.090909091,1,0.090909091,1,0.090909091,,,,,,"No",,"Not reported","Empiric and secondary (1 case) are described ",3,11,"27.30%","11 (27.3%)","No",,"Yes",,,2,,3,,1,,,,,1,,,,1,,,
"06/29/2020 11:19","Du, R","Annals of the American Thoracic Society",1400,"12/25/2019","02/15/2020","China",78,"China","Wuhan Pulmonary Hospital (Pulmonary Hospital), Tianyou Hospital Affiliated to Wuhan University of Science and Technology (Tianyou Hospital), and Central Hospital of Wuhan (Central Hospital),","N","Retrospective Cohort","Hospital",,109,"Adults","Y","Fatal COVID-19 Cases","Fatal COVID-19 Cases",70.7,"Mean",35,0.321100917,"Severe/Critical","Severely Ill",97,0.889908257,,,,,,,37,0.339449541,34,0.311926606,1,109,1,"Yes",,"Not reported","all patients (100%) were administered with antibiotics to prevent or to treat co-existing or secondary bacterial infection ",109,109,"100.00%","109 (100.0%)","No",,"No",,,,,,,,,,,,,,,,,,,
"07/07/2020 0:21","Duan, K","Proceedings of the National Academy of Sciences of the United States of America",5941,"01/23/2020","02/19/2020","China",78,"China","Wuhan Jinyintan Hospital; the Jiangxia District Hospital of Integrative Traditional Chinese and Western Medicine, Wuhan; and the First People�s Hospital of Jiangxia District, Wuhan","N","Prospective Cohort","Hospital",,10,"Adults","N",,,52.5,"Median",4,0.4,"Severe/Critical","Severely Ill",3,0.3,,,,,,,1,0.1,,,,0,0,"No",,"D","D",8,10,"80.00%","10 (80.0%)","No",,"Yes",11,,2,,3,,4,1,,,,1,,,,,,8,10
"07/02/2020 9:11","Fadel, R","Clinical Infectious Diseases",3916,"03/12/2020","04/09/2020","United States",89,"North America","Henry Ford Health System, Detroit","N","Retrospective Cohort","Hospital",,213,"Adults","N",,,62,"Median",104,0.488262911,"All","moderate to severe",74,0.34741784,64,0.300469484,88,0.41314554,27,0.126760563,38,0.178403756,105,0.492957746,,39,0.183098592,"No",,"Not reported","empiric antibiotic prescribed for pneumonia",163,213,"76.50%","213 (76.5%)","Yes","median time to empiric antibiotics, median duration of antimicrobials","No",,,,,,,,,,,,,,,,,,,
"07/07/2020 12:50","Fan, Z","Clinical Gastroenterology and Hepatology",5603,"01/20/2020","02/19/2020","China",78,"China","Shanghai Public Health Clinical Center, Shanghai","N","Retrospective Cohort","Hospital",,148,"Adults","N",,,50,"Mean",75,0.506756757,"All","All",,,,,,,,,,,,,,1,0.006756757,"No",,"Not reported","Medications Used by COVID-19 Patients After Admission",36,148,"24.30%","148 (24.3%)","No",,"No",,,,,,,,,,,,,,,,,,,
"06/29/2020 13:17","Feng, Y","American Journal of Respiratory and Critical Care Medicine",1498,"01/01/2020","02/15/2020","China",78,"China","Jinyintan Hospital in Wuhan, Shanghai Public Health Clinical Center in Shanghai and Tongling People's Hospital in Anhui Province, China","N","Retrospective Cohort","Hospital",,476,"Adults","N",,,53,"Median",205,0.430672269,"All","All",73,0.153361345,,,44,0.092436975,22,0.046218487,38,0.079831933,49,0.102941176,7,38,0.079831933,"No",,"Not reported","""administration of antibiotics""",319,476,"67.00%","476 (67.0%)","No",,"No",,,,,,,,,,,,,,,,,,35,410
"07/09/2020 23:16","Ferguson J","Emerging Infectious Diseases",8917,"03/13/2020","04/11/2020","United States",89,"North America","Valley Care Hospital and Stanford Hospital","N","Retrospective Cohort","Hospital",,72,"Adults","N",,,60.4,"Median",34,0.472222222,"All","All",13,0.180555556,13,0.180555556,17,0.236111111,10,0.138888889,43,0.597222222,20,0.277777778,6,5,0.069444444,"No",,"Not reported","Not specified",48,72,"66.70%","72 (66.7%)","No",,"No",,,,,,,,,,,,,,,,,,,
"07/07/2020 15:44","Fung, M","American Journal of Transplantation",6689,"03/09/2020","04/28/2020","United States",89,"North America","University of California San Francisco (UCSF) ","N","Case Series >10","Hospital/Outpatient","7 hospitalized, 3 outpatients",10,"Adults","Y","Transplant","Transplant",56.5,"Median",4,0.4,"All","All",3,0.3,3,0.3,,,0,0,5,0.5,7,0.7,,0,0,"No",,"Not reported","""received antibiotics""",7,10,"70.00%","10 (70.0%)","Yes","Duration for each patient's therapy","Yes",,,1,2,,,6,3,,4,,,3,,,,,1,6
"07/05/2020 22:59","Gervasoni, C","Clinical Infectious Diseases",4379,"02/21/2020","04/20/2020","Italy",95,"Europe","ASST Fatebenefratelli Sacco University Hospital, Milan,","N","Case Series >10","Hospital/Outpatient",,47,"Adults","Y","HIV","HIV",51,"Mean",11,0.234042553,"All","All",2,0.042553191,,,,,2,0.042553191,2,0.042553191,3,0.063829787,,2,0.042553191,"No",,"E","E",6,47,"12.80%","47 (12.8%)","No",,"No",,,,,,,,,,,,,,,,,,,
"07/07/2020 15:19","Giacomelli, A","Pharmacological Research",7114,"02/21/2020","04/20/2020","Italy",95,"Europe"," Luigi Sacco Hospital in Milan, Italy","N","Prospective Cohort","Hospital",,233,"Adults","N",,,61,"Median",72,0.309012876,"All","All",37,0.158798283,,,70,0.300429185,,,,,,,,48,0.206008584,"No",,"Not reported","144 patients were treated with at least one antibiotic during hospital stay",144,233,"61.80%","233 (61.8%)","No",,"No",,,,,,,,,,,,,,,,,,,
"07/07/2020 15:03","Gu, X","Journal of Clinical Laboratory Analysis",6714,"01/25/2020","02/20/2020","China",78,"China","Huai'an Fourth People's Hospital, Huai'an","N","Prospective Cohort","Hospital",,66,"Adults","N",,,43,"Median",31,0.46969697,"All","All",,,,,,,1,0.015151515,1,0.015151515,5,0.075757576,,0,0,"No",,"Not reported","Not reported",23,66,"34.80%","66 (34.8%)","No",,"No",,,,,,,,,,,,,,,,,,,
"07/03/2020 14:44","Guan, W","New England Journal of Medicine",169,"12/11/2019","01/29/2020","China",78,"China","China","N","Retrospective Cohort","Hospital/Outpatient",,1099,"All","N",,,47,"Median",459,0.417652411,"All","All",67,0.060964513,37,0.03366697,158,0.143767061,12,0.010919017,27,0.024567789,81,0.073703367,2,15,0.013648772,"No",,"Not reported","A majority of the patients (58.0%) received intra- venous antibiotic therapy",637,1099,"58.00%","1099 (58.0%)","No",,"No",,,,,,,,,,,,,,,,,,,
"06/28/2020 13:42","Guo T","Gerontology",6774,"01/21/2020","02/19/2020","China",78,"China","Hunan Province (Multi-Centre)","N","Retrospective Cohort","Hospital",,105,"Adults","Y","Older Patients","Elderly ",67,"Median",57,0.542857143,"All","35 = severe or critical severe",8,0.076190476,11,0.104761905,13,0.123809524,9,0.085714286,17,0.161904762,27,0.257142857,,3,0.028571429,"No",,"Not reported"," antibiotics were used to prevent or treat secondary infection, and the most common antibiotic was moxifloxacin in our patients. ",63,105,"60.00%","105 (60.0%)","No",,"No",,,,,,,,,,,,,,,,,,,
"06/30/2020 14:01","He R","J Clin Virol",2376,"01/10/2020","02/13/2020","China",78,"China","Renmin Hospital of Wuhan University","Y","Retrospective Cohort","Hospital",,204,"Adults","N",,,49,"Median",125,0.612745098,"All","All",37,0.181372549,,,,,3,0.014705882,5,0.024509804,16,0.078431373,,,,"No",,"Not reported","not specified",198,204,"97.10%","204 (97.1%)","No",,"No",,,,,,,,,,,,,,,,,,,
"07/04/2020 23:45","He, W","Leukemia",3647,"01/23/2020","02/14/2020","China",78,"China","Union Hospital and Wuhan Central Hospital, Wuhan","Y","Retrospective Cohort","Hospital",,128,"Adults","Y","Heme-Malignancy","Heme-Malignancy",49,"Median",56,0.4375,"All","All",3,0.0234375,6,0.046875,,,,,,,8,0.0625,,8,0.0625,"No",,"E","E",15,24,"62.50%","24 (62.5%)","No",,"No",,,,,,,,,,,,,,,,,,,
"07/06/2020 10:57","Hoek, R","Transplant International",6176,"02/27/2020","04/30/2020","The Netherlands",96,"Europe","Rotterdam ","N","Case Series >10","Hospital",,23,"Adults","Y","Transplant","Transplant",59,"Mean",5,0.217391304,"All","All",2,0.086956522,,,,,,,19,0.826086957,10,0.434782609,23,5,0.217391304,"No",,"Not reported","Not specified",19,23,"82.60%","23 (82.6%)","No",,"No",,,,,,,,,,,,,,,,,,3,23
"06/30/2020 12:08","Hong, K","Yonsei Medical Journal",2176,"not stated","03/29/2020","South Korea",86,"East/Southeast Asia (ex-China)","Yeungnam University Medical Center in Daegu, South Korea","N","Retrospective Cohort","Hospital",,98,"Adults","N",,,55.4,"Mean",60,0.612244898,"All","All",11,0.112244898,18,0.183673469,,,3,0.030612245,11,0.112244898,9,0.091836735,,5,0.051020408,"No",,"Not reported","not specified ""All patients received antibiotic therapy""",98,98,"100.00%","98 (100.0%)","No",,"No",,,,,,,,,,,,,,,,,,,
"07/09/2020 0:37","Hong, Y","Annals of Translational Medicine",7317,"01/01/2020","02/20/2020","China",78,"China","Yueqing People�s Hospital, Yueqing","N","Retrospective Cohort","Hospital",,75,"Adults","N",,,46.4,"Mean",34,0.453333333,"Non-severe","Mildly Ill",,,,,,,0,0,1,0.013333333,5,0.066666667,0,0,0,"No",,"E","E",75,75,"100.00%","75 (100.0%)","No",,"No",,,,,,,,,,,,,,,,,,,
"07/06/2020 0:13","Hu, K","Phytomedicine",4739,"02/02/2020","02/15/2020","China",78,"China","23 hospitals in 9 provincies in mainland China","N","Randomized Controlled","Hospital",,284,"Adults","N",,,51.1,"Mean",134,0.471830986,"Non-severe","Exclusion criteria did not enrol severe pneumonia require MV or severe systemic diseases",,,,,,,,,,,,,,,,"No",,"E","E",190,284,"66.90%","284 (66.9%)","No",,"No",,,,,,,,,,,,,,,,,,,
"07/07/2020 15:01","Hu, W","Annals of Translational Medicine",7229,"01/24/2020","03/10/2020","China",78,"China","Affiliated Hospital of Shaoxing University","N","Retrospective Cohort","Hospital",,16,"All","N",,,44.1,"Mean",10,0.625,"All","All",1,0.0625,1,0.0625,,,,,,,2,0.125,,0,0,"No",,"E","E",8,16,"50.00%","16 (50.0%)","No",,"No",,,,,,,,,,,,,,,,,,,
"07/09/2020 14:22","Huang Y","Travel medicine and infectious disease",72,"12/21/2019","01/29/2020","China",78,"China","Wuhan","N","Case Series >10","Hospital",,34,"All","N",,,56.2,"Mean",20,0.588235294,"All","All",3,0.088235294,,,,,,,6,0.176470588,4,0.117647059,2,0,0,"No",,"E","E",31,34,"91.20%","34 (91.2%)","No",,"No",,,,,,,,,,,,,,,,,,,
"07/02/2020 20:26","Huang, C","Lancet",648,"12/16/2019","01/02/2020","China",78,"China","Jin Yin-tan Hospital, Wuhan","N","Case Series >10","Hospital",,41,"Adults","N",,,49,"Median",11,0.268292683,"All","All",4,0.097560976,12,0.292682927,3,0.073170732,1,0.024390244,6,0.146341463,8,0.195121951,,6,0.146341463,"No",,"E","E",41,41,"100.00%","41 (100.0%)","No",,"No",,,,,,,,,,,,,,,,,,,
"07/08/2020 21:15","Huang, Q","International Journal of Clinical Pharmacy",1932,"01/17/2020","02/10/2020","China",78,"China","Hunan","N","Case Series >10","Hospital",,54,"not specified","N",,,41,"Median",26,0.481481481,"All","All",54,1,3,0.055555556,,,,,8,0.148148148,5,0.092592593,,0,0,"No",,"Not reported","22 patients (59.5%) received antibiotics (fluoroquinolone or ?-lactams)",25,54,"46.30%","54 (46.3%)","No",,"No",,,,,,,,,,,,,,,,,,,
"07/12/2020 16:52","Huang, R","PLoS Neglected Tropical Diseases",6496,"01/22/2020","02/10/2020","China",78,"China","8 designated hospitals in 8 cities of Jiangsu province, China (Affiliated Hospital of Xuzhou Medical University [27 cases]; The Affiliated Hospital of Kangda College of Nanjing Medical University, The First People�s Hospital of Lianyungang [11 cases]; Infectious Disease Hospital of Suqian [11 cases]; Huai�an No. 4 People�s Hospital [41 cases]; Yancheng Second People�s Hospital [12 cases]; The Third People�s Hospital of Yangzhou [15 cases]; The Third People�s Hospital of Changzhou [28 cases] and The Affiliated Infectious Diseases Hospital of Soochow University [57 cases])","N","Case Series >10","Hospital",,202,"All","N",,,44,"Median",86,0.425742574,"All","All",9,0.044554455,2,0.00990099,16,0.079207921,7,0.034653465,5,0.024752475,19,0.094059406,,0,0,"No",,"E","E",149,202,"73.80%","202 (73.8%)","No",,"No",,,,,,,,,,,,,,,,,,,
"06/30/2020 15:51","Hung, I","Lancet",11222,"02/10/2020","03/20/2020","China",78,"China","Hong Kong (6 hospitals - Queen Mary Hospital, Pamela Youde Nethersole Hospital, Ruttonjee Hospital, United Christian Hospital, Queen Elizabeth Hospital, and Tuen Mun Hospital)","N","Randomized Controlled","Hospital",,127,"Adults","N",,,52,"Median",59,0.464566929,"All","All",3,0.023622047,,,7,0.05511811,,,39,0.307086614,17,0.133858268,,0,0,"No",,"Not reported",""" 69 (54%) patients received concomitant antibiotics""",69,127,"54.30%","127 (54.3%)","No",,"Yes",,0,55,11,14,0,20,0,0,21,0,0,0,,,,,,
"07/02/2020 10:41","Hur, K","Otolaryngology - Head and Neck Surgery",4277,"03/01/2020","04/08/2020","United States",89,"North America","Ten Hospitals in Chicago metropolitan area","N","Retrospective Cohort","Hospital",,486,"Adults","N",,,59,"Median",215,0.442386831,"All","All",138,0.283950617,,,163,0.335390947,,,111,0.228395062,160,0.329218107,45,22,0.04526749,"No",,"Not reported","""received antibiotics""",329,486,"67.70%","486 (67.7%)","No",,"No",,,,,,,,,,,,,,,,,,,
"07/07/2020 15:34","Ikitimur, H","Journal of Medical Virology",7053,"03/18/2020","03/28/2020","Turkey",74,"Middle East","University hospital (name not reported), Istabul","N","Retrospective Cohort","Hospital",,81,"Not reported","N",,"Family Cluster",55.3,"Weighted average",36,0.444444444,"All","All",,,,,23,0.283950617,19,0.234567901,12,0.148148148,17,0.209876543,,3,0.037037037,"No",,"D","D",68,81,"84.00%","81 (84.0%)","No",,"No",,,,,,,,,,,,,,,,,,,
"07/03/2020 16:56","Ji, M","Epidemiology and Infection",2174,"01/02/2020","02/08/2020","China",78,"China","Wuhan University Renmin Hospital , Wuhan","N","Retrospective Cohort","Hospital",,101,"Adults","N",,,51,"Median",53,0.524752475,"All","All",5,0.04950495,,,5,0.04950495,2,0.01980198,14,0.138613861,13,0.128712871,,11,0.108910891,"No",,"Not reported","""Almost all the patients (98%) were treated with antibiotics""",99,101,"98.00%","101 (98.0%)","No",,"No",,,,,,,,,,,,,,,,,,,
"07/09/2020 14:34","Jiang Y","Annals of Translational Medicine",7333,"01/31/2020","02/16/2020","China",78,"China","Enze Hospital of Taizhou Enze Medical Center","N","Retrospective Cohort","Hospital",,60,"All","N",,,41,"Median",25,0.416666667,"All","All",,,,,,,1,0.016666667,5,0.083333333,1,0.016666667,,0,0,"No",,"Not reported","Not specified",6,60,"10.00%","60 (10.0%)","No",,"No",,,,,,,,,,,,,,,,,,,
"07/08/2020 14:12","Jin, X","Gut",418,"01/17/2020","02/08/2020","China",78,"China"," Zhejiang province","N","Retrospective Cohort","Hospital",,651,"not stated","N",,,45.1,"weighted mean of medians",320,0.491551459,"All","All",17,0.026113671,17,0.026113671,41,0.062980031,1,0.001536098,5,0.007680492,48,0.073732719,1,1,0.001536098,"No",,"Not reported","""antibiotic treatment""",277,651,"42.50%","651 (42.5%)","No",,"No",,,,,,,,,,,,,,,,,,,
"07/09/2020 21:52","Jung H-Y","Journal of Clinical Medicine",7575,"02/18/2020","04/14/2020","South Korea",86,"East/Southeast Asia (ex-China)","Daegu","N","Case Series >10","Hospital",,14,"All","Y","Dialysis","Dialysis",63.5,"Mean",8,0.571428571,"All","All",4,0.285714286,,,,,0,0,2,0.142857143,7,0.5,,2,0.142857143,"No",,"Not specified","Not specified",13,14,"92.90%","14 (92.9%)","No",,"No",,,,,,,,,,,,,,,,,,,
"07/06/2020 23:33","Jung, SY","Clinical infectious diseases",5858,"not stated","04/08/2020","South Korea",86,"East/Southeast Asia (ex-China)","South Korea","N","Retrospective Cohort","Hospital","Population cohort - sample size is of population cohort as only demographic available at that level; clinical data based on hospitalized cohort n=1954",5179,"Adults","N",,,44.6,"Mean",2884,0.55686426,"All","All",36,0.006951149,,,,,,,,,870,0.167986098,999,84,0.016219347,"No",,"Not reported","""The in-hospital treatments included antibiotics (599 patients..)""",599,1954,"30.70%","1954 (30.7%)","No",,"No",,,,,,,,,,,,,,,,,,,
"07/08/2020 16:25","Kato, H","Journal of Infection and Chemotherapy",3867,"02/03/2020","03/19/2020","Japan",94,"East/Southeast Asia (ex-China)","""12 local hospitals"", Yokohama","N","Retrospective Cohort","Hospital",,70,"not specfied","N",,"Cruise ship Diamond Princess",67,"Median",23,0.328571429,"All","All",14,0.2,,,,,2,0.028571429,1,0.014285714,17,0.242857143,,2,0.028571429,"No",,"Not reported","""were administered antibiotics""",41,70,"58.60%","70 (58.6%)","No",,"Yes",,,3,19,13,,23,2,,,,,,,,,,,
"06/30/2020 16:14","Kujawski S","Nature Medicine",3621,"01/20/2020","02/05/2020","United States",89,"North America","CA, IL, AZ, MA, WA, WI","N","Case Series >10","Hospital",,12,"Adults","N",,"First 12 confirmed USA patients ",53,"Median",4,0.333333333,"All","All",0,0,,,,,1,0.083333333,2,0.166666667,1,0.083333333,,0,0,"No",,"D","D",5,12,"41.70%","12 (41.7%)","No",,"Yes",8,3,,1,1,,2,,,,,,1,,,,,5,12
"07/02/2020 11:28","Lagi F","Eurosurveillance",4991,"02/25/2020","04/03/2020","Italy",95,"Europe","University Hospital Florence","N","Retrospective Cohort","Hospital",,84,"All","N",,,62,"Median",29,0.345238095,"All","All",16,0.19047619,,,25,0.297619048,5,0.05952381,12,0.142857143,12,0.142857143,,8,0.095238095,"No",,"E","E",44,84,"52.40%","84 (52.4%)","No",,"No",,,,,,,,,,,,,,,,,,,
"07/05/2020 1:05","Lechien, J","Journal of Internal Medicine",4227,"03/22/2020","04/10/2020","EU","#N/A","Europe","18 hospitals in Europe","N","Case Series >10","Hospital/Outpatient",,1420,"All","N",,,39.2,"Mean",962,0.677464789,"Non-severe","Mild-moderately ill",,,,,203,0.142957746,,,,,24,0.016901408,18,,,"No",,"E","E",108,1420,"7.60%","1420 (7.6%)","No",,"Yes",,64,,44,,,,,,,,,,,,,,,
"07/09/2020 11:36","Lei S","EClinicalMedicine",672,"01/01/2020","02/05/2020","China",78,"China","Wuhan","N","Retrospective Cohort","Hospital",,34,"Adults","Y","Surgery","Surgery",55,"Median",20,0.588235294,"All","All",5,0.147058824,11,0.323529412,,,1,0.029411765,7,0.205882353,8,0.235294118,,7,0.205882353,"No",,"Not reported","Not specified",34,34,"100.00%","34 (100.0%)","No",,"No",,,,,,,,,,,,,,,,,,10,34
"06/30/2020 12:49","Lei, Z","Travel Medicine and Infectious Disease",1522,"01/22/2020","02/12/2020","China",78,"China","Third Affiliated Hospital, Sun Yat-Sen University","N","Retrospective Cohort","Hospital",,20,"Adults","N",,,43.2,"Mean",10,0.5,"All","All",2,0.1,1,0.05,,,,,5,0.25,,,,0,0,"No",,"Not reported","In both cities, most patients were mainly treated with antibiotics or antivirus therapy, including...",17,20,"85.00%","20 (85.0%)","No",,"No",,,,,,,,,,,,,,,,,,,
"07/09/2020 12:04","Li L","JAMA",6992,"02/14/2020","04/28/2020","China",78,"China","Wuhan","Y","Randomized Controlled","Hospital",,103,"All","N",,,70,"Median",43,0.417475728,"All","All",24,0.233009709,,,,,,,26,0.252427184,19,0.184466019,,,,"No",,"Not reported","Not specified, other than ""after randomization""",50,58,"86.20%","58 (86.2%)","No",,"No",,,,,,,,,,,,,,,,,,,
"07/07/2020 16:09","Li, H","Diabetes, Obesity and Metabolism",6451,"01/22/2020","04/10/2020","China",78,"China","Union Hospital Affiliated with Tongji Medical College of Huazhong University of Science and Technology","N","Case Series >10","Hospital",,453,"Adults","N",,"evaluating for newly diagnosed diabetes",61,"Median",217,0.479028698,"All","All",29,0.06401766,18,0.039735099,,,25,0.055187638,44,0.097130243,192,0.42384106,,39,0.086092715,"No",,"Not reported","""Antibiotic therapy""",320,453,"70.60%","453 (70.6%)","No",,"No",,,,,,,,,,,,,,,,,,,
"07/08/2020 0:24","Li, J","Biomarkers in medicine",6794,"01/01/2020","02/20/2020","China",78,"China"," Central Hospital of Wuhan, Wuhan","N","Retrospective Cohort","Hospital",,134,"Adults","N",,,61,"Median",59,0.440298507,"All","All",46,0.343283582,56,0.417910448,22,0.164179104,,,59,0.440298507,34,0.253731343,,42,0.313432836,"No",,"E","E",131,134,"97.80%","134 (97.8%)","No",,"No",,,,,,,,,,,,,,,,,,,
"07/08/2020 16:45","Li, J","Diabetes, Obesity and Metabolism",3554,"01/01/2020","03/03/2020","China",78,"China","Central Hospital of Wuhan","N","Retrospective Cohort","Hospital",,658,"Adults","N",,"Patients with ketosis vs. non-ketosis",57.5,"Median",361,0.548632219,"All","All",123,0.186930091,95,0.1443769,,,19,0.02887538,59,0.089665653,129,0.196048632,,64,0.097264438,"No",,"Not reported","""antibiotics""",522,658,"79.30%","658 (79.3%)","No",,"No",,,,,,,,,,,,,,,,,,,
"07/08/2020 1:37","Li, L","Theranostics",6914,"01/10/2020","02/22/2020","China",78,"China","Union Hospital, Tongji Medical College, Huazhong University of Science and Technology , Wuhan","N","Retrospective Cohort","Hospital",,93,"Adults","N",,,51,"Mean",52,0.559139785,"All","All",16,0.172043011,,,,,8,0.086021505,4,0.043010753,11,0.11827957,,25,0.268817204,"No",,"Not reported","Leaning towards 'D"" as they collected data on serial CTs/different time intervals - ""The serial chest CT examinations, clinical features, onset symptoms and signs, treatments and outcome events of all the patients were recorded.""",71,93,"76.30%","93 (76.3%)","No",,"No",,,,,,,,,,,,,,,,,,,
"06/29/2020 15:03","Li, N","Clinical Infectious Diseases",1378,"01/24/2020","02/29/2020","China",78,"China","Hubei Provincial Maternal and Child Health Centre","N","Case control","Hospital",,276,"Adults","Y","Obstetrics","Obstetrics",26.6,"weighted average of cases and controls",276,1,"All","All",0,0,0,0,,,,,3,0.010869565,3,0.010869565,,,,"No",,"Not reported","Not specified",34,34,"100.00%","34 (100.0%)","No",,"No",,,,,,,,,,,,,,,,,,,
"07/03/2020 14:43","Li, P","International Journal of Infectious Diseases",7044,"01/31/2020","02/20/2020","China",78,"China","Renmin Hospital, Wuhan","Y","Case Series >10","Hospital",,204,"Adults","Y","Older Patients",">60 years old",68,"Median",104,0.509803922,"All","All",,,,,,,21,0.102941176,44,0.215686275,36,0.176470588,,76,0.37254902,"No",,"E","E",196,204,"96.10%","204 (96.1%)","No",,"No",,,,,,,,,,,,,,,,,,,
"07/06/2020 0:43","Li, S","JCI insight ",5010,"01/20/2020","03/29/2020","China",78,"China","China","N","Retrospective Cohort","Hospital",,69,"Adults","N",,,46,"weighted median",29,0.420289855,"All","All",,,2,0.028985507,,,7,0.101449275,4,0.057971014,8,0.115942029,,2,0.028985507,"No",,"E","E",30,69,"43.50%","69 (43.5%)","No",,"Yes",30,,,,,,,,,,,,,,,,,,
"07/10/2020 8:47","Li, X","Journal of allergy and clinical immunology",8693,"01/26/2020","03/03/2020","China",78,"China","Sino-French New City Branch of Tongji Hospital, Huazhong University of Science and Technology, Wuhan","N","Retrospective Cohort","Hospital",,548,"All","N",,,60,"Median",269,0.490875912,"All","All",103,0.187956204,210,0.383211679,92,0.167883212,17,0.031021898,34,0.062043796,83,0.151459854,,87,0.158759124,"No",,"Not reported","""Previous drugs use"" see Table 1",7,548,"1.30%","548 (1.3%)","No",,"No",,,,,,,,,,,,,,,,,,42,548
"06/30/2020 11:08","Lian, J","Influenza and other Respiratory Viruses",2103,"01/17/2020","01/30/2020","China",78,"China","Zhejiang Province","N","Retrospective Cohort","Hospital",,465,"All","N",,,45,"Median",222,0.477419355,"All","All",8,0.017204301,11,0.023655914,60,0.129032258,0,0,3,0.006451613,28,0.060215054,0,0,0,"No",,"Not reported"," Glucocorticoids and antibiotics ""treatment"" were administered to 60 (12.90%) and 218(46.88%) patients, respectively",218,465,"46.90%","465 (46.9%)","No",,"No",,,,,,,,,,,,,,,,,,,
"07/07/2020 10:12","Lian, N","Clinical Microbiology and Infection",5987,"02/02/2020","03/20/2020","China",78,"China","Jinyintan Hospital, Wuhan","N","Retrospective Cohort","Hospital",,81,"Adults","N",,,60,"Median",36,0.444444444,"All","All",2,0.024691358,,,,,,,7,0.086419753,8,0.098765432,,0,0,"No",,"E","E",12,81,"14.80%","81 (14.8%)","No",,"No",,,,,,,,,,,,,,,,,,,
"07/09/2020 1:36","Lim, JH","Journal of clinical medicine",7655,"02/17/2020","05/15/2020","South Korea",86,"East/Southeast Asia (ex-China)","Kyungpook National University Hospital and Kyungpook National University Chilgok Hospital, Daegu","N","Retrospective Cohort","Hospital",,30,"Adults","Y","AKI","AKI",67,"Median",10,0.333333333,"All","All",16,0.533333333,17,0.566666667,,,,,5,0.166666667,14,0.466666667,,17,0.566666667,"No",,"E","E",29,30,"96.70%","30 (96.7%)","No",,"No",,,,,,,,,,,,,,,,,,,
"07/02/2020 11:39","Liu D","American Journal of Roentgenology",518,"01/20/2020","02/10/2020","China",78,"China","Wuhan","N","Case Series >10","Hospital",,15,"Adults","Y","Obstetrics","Obstetrics",32,"Mean",15,1,"All","All",,,,,,,,,,,,,,,,"No",,"E","E",15,15,"100.00%","15 (100.0%)","No",,"No",,,,,,,,,,,,,,,,,,,
"07/08/2020 8:40","Liu, F","International Journal of Infectious Diseases",510,"01/22/2020","02/11/2020","China",78,"China","Xixi hospital in Hangzhou, China","N","Case Series >10","Hospital",,10,"Adults","N",,,42,"Median",6,0.6,"All","All",0,0,,,1,0.1,,,1,0.1,0,0,,0,0,"No",,"E","E",5,10,"50.00%","10 (50.0%)","No",,"No",,,,,,,,,,,,,,,,,,,
"07/08/2020 13:52","Liu, J","European Radiology",4211,"01/01/2020","02/16/2020","China",78,"China","Hunan Province","N","Retrospective Cohort","Hospital",,24,"Adults","N",,,57.9,"Mean",10,0.416666667,"Severe/Critical","Severely Ill",,,,,2,0.083333333,,,,,,,,1,0.041666667,"No",,"E","E",10,24,"41.70%","24 (41.7%)","No",,"No",,,,,,,,,,,,,,,,,,,
"07/13/2020 9:25","Liu, K","Chinese Medical Journal",23,"12/30/2019","01/24/2020","China",78,"China","Hubei Province","N","Retrospective Cohort","Hospital/Outpatient",,137,"Adults","N",,,57,"Median",76,0.554744526,"All","All",34,0.248175182,,,,,2,0.01459854,10,0.072992701,14,0.102189781,,16,0.116788321,"No",,"Not reported","reported in a table.",119,137,"86.90%","137 (86.9%)","No",,"No",,,,,,,,,,,,,,,,,,,
"06/29/2020 9:58","Liu, Kai","The Journal of Infection",10453,"01/15/2020","02/18/2020","China",78,"China","Hainan","N","Retrospective Cohort","Hospital",,56,"All","N",,,53.7,"Other",29,0.517857143,"All","All",12,0.214285714,,,22,0.392857143,,,2,0.035714286,4,0.071428571,,3,0.053571429,"No",,"Not reported","Not described",40,56,"71.40%","56 (71.4%)","No",,"No",,,,,,,,,,,,,,,,,,,
"07/01/2020 15:44","Liu, L","Frontiers in Cellular and Infection Microbiology",16353,"01/22/2020","02/06/2020","China",78,"China","Shiyan Renmin Hospital, Shiyan City","N","Case Series >10","Hospital",,176,"All","N",,,38,"Median",27,0.153409091,"All","All",32,0.181818182,1,0.005681818,,,8,0.045454545,,,1,0.005681818,,0,0,"No",,"Not reported",""" Among the 53 COVID-19 patients co-infected with M. pneumoniae, 25 (25/53, 47.2%) were given antibiotic (levofloxacin) treatment""",25,53,"47.20%","53 (47.2%)","No",,"Yes",,,,,25,,,,,,,,,,,,,,
"07/02/2020 19:28","Lo, I","International Journal of Biological Sciences",608,"01/21/2020","02/16/2020","China",78,"China","Centro Hospitalar Conde de S�o Janu�rio, Macau SAR","N","Case Series >10","Hospital",,10,"All","N",,,54,"Median",7,0.7,"All","All",0,0,0,0,2,0.2,,,,,,,,0,0,"No",,"Not reported","""all patients were administered antibiotics treatment"" 7 with single antibiotics and 3 with combination therapy",10,10,"100.00%","10 (100.0%)","No",,"No",,,,,,,,,,,,,,,,,,,
"07/07/2020 14:43","Morena, V","European Journal of Internal Medicine",6548,"03/10/2020","04/19/2020","Italy",95,"Europe","Fatebenefratelli-Sacco Hospital, Milan","N","Prospective Cohort","Hospital",,51,"Adults","N",,"Severe COVID-19 patients treated with tocilizumab",60,"Median",11,0.215686275,"All","All",28,0.549019608,,,,,5,0.098039216,25,0.490196078,6,0.117647059,,14,0.274509804,"No",,"D","D",39,51,"76.50%","51 (76.5%)","No",,"No",,,,,,,,,,,,,,,,,,,
"06/30/2020 10:42","Nair, V","American Journal of Transplantation",2083,"03/01/2020","03/27/2020","United States",89,"North America","12 acute care hospitals in Northwell Health, New York","N","Case Series >10","Hospital/Outpatient","Mixed 1= outpatient",10,"Adults","Y","Transplant","Transplant",57,"Median",4,0.4,"All","All",4,0.4,,,2,0.2,,,2,0.2,8,0.8,,3,0.3,"No",,"Not reported","All hospitalized patients received hydroxychloroquine (HCQ) and azithromycin (the latter no longer routinely administered as part of COVID treatment). All patients had an electrocardiogram (EKG) performed before initiation of therapy whereas only 4 had subsequent EKGs performed. No patient had a QTc of 500 or greater. Six patients received at least 1 dose of an additional antibiotic including ceftriaxone, piperacillin/tazobactam, levofloxacin, cefepime, and vancomycin at the time of presentation (see Table 4)",9,10,"90.00%","10 (90.0%)","No",,"Yes",,,2,9,1,0,6,0,0,0,0,0,3,,,,,0,10
"07/02/2020 10:31","Nowak B","Polish archives of internal medicine",4721,"03/16/2020","04/07/2020","Poland",82,"Europe","Central clinical hospital Warsaw","N","Retrospective Cohort","Hospital",,169,"All","N",,,63.7,"Mean",82,0.485207101,"All","All",27,0.159763314,41,0.24260355,,,22,0.130177515,110,0.650887574,32,0.189349112,,46,0.272189349,"No",,"Not reported","not specified",114,169,"67.50%","169 (67.5%)","No",,"No",,,,,,,,,,,,,,,,,,114,169
"07/03/2020 11:52","Okoh, A","Journal of Acquired Immune Deficiency Syndromes",6966,"not stated","not stated","United States",89,"North America","Newark, New Jersey","N","Case Series >10","Hospital/Outpatient","51% ambulatory",27,"Adults","Y","HIV","HIV positive",58,"Median",12,0.444444444,"All","All",,,71,2.62962963,,,0,0,1,0.037037037,9,0.333333333,27,0,0,"No",,"Not reported","""antibiotics""",8,27,"29.60%","27 (29.6%)","No",,"No",,,,,,,,,,,,,,,,,,,
"07/05/2020 11:18","Palmieri, L","Journals of Gerontology",9134,"not stated","05/21/2020","Italy",95,"Europe","Italian National Institute of Health Surveillance System","N","Retrospective Cohort","Hospital",,3032,"Adults","Y","Fatal COVID-19 Cases","Fatal COVID-19 Cases","not reported","adults included stratified by <65 and > or = 65",1013,0.334102902,"not specified","not stated",,,2856,0.941952507,,,498,0.164248021,856,0.2823219,914,0.301451187,6,3032,1,"No",,"Not reported","""treatments-  antibiotics""",2390,3032,"78.80%","3032 (78.8%)","No",,"No",,,,,,,,,,,,,,,,,,,
"06/29/2020 15:47","Pan, L","Am J Gastroenterol",1859,"01/18/2020","02/28/2020","China",78,"China","Three hospitals in Hubei province","N","Retrospective Cohort","Hospital",,204,"All","N",,,52.9,"Mean",97,0.475490196,"All","All",,,,,,,9,0.044117647,44,0.215686275,24,0.117647059,,36,0.176470588,"No",,"D","D",141,204,"69.10%","204 (69.1%)","No",,"No",,,,,,,,,,,,,,,,,,,
"07/03/2020 16:29","Peng, H","Journal of Clinical Virology",2098,"12/08/2019","02/29/2020","China",78,"China","Wuhan Children's Hospital, Wuhan","Y","Retrospective Cohort","Hospital",,75,"Children","N",,,6.1,"Mean",31,0.413333333,"All","All",,,,,,,,,,,,,,0,0,"No",,"Not reported","""Half of the patients have been treated with antibacterial agents (first- or second-generation cephalosporins), but most cases discontinued it after COVID-19 was confirmed. It is worth noting that 37.3 % of patients were co-infected with Mycoplasma pneumoniae, and all of them were given azithromycin orally""",37,75,"49.30%","75 (49.3%)","No",,"No",,,,,,,,,,,,,,,,,,3,75
"07/08/2020 21:33","Pereira, A","Acta Obstetricia et Gynecologica Scandinavica",2014,"03/14/2020","04/14/2020","Spain",92,"Europe","Puerta de Hierro","N","Case Series >10","Hospital",,60,"Adults","Y","Obstetrics","Obstetrics",34,"Median",60,1,"All","All",,,,,,,,,,,,,,0,0,"No",,"Not reported","In addition, 5 patients required antibiotics due to respiratory co-infections",5,60,"8.30%","60 (8.3%)","No",,"No",,,,,,,,,,,,,,,,,,5,60
"07/09/2020 22:44","Pierce-Williams R","American Journal of Obstetrics & Gynecology MFM",8112,"03/05/2020","04/20/2020","United States",89,"North America","Multiple states in US (NY, PA, NJ)","N","retrospective and prospective","Hospital",,64,"Adults","Y","Obstetrics","Obstetrics",33,"Mean",64,1,"All","All",,,,,,,,,11,0.171875,,,,0,0,"No",,"Not reported","Not specified",36,64,"56.30%","64 (56.3%)","No",,"No",,,,,,,,,,,,,,,,,,36,64
"06/29/2020 16:36","Piva, S","J Crit Care",2047,"03/02/2020","03/13/2020","Italy",95,"Europe","Brescia","Y","Retrospective Cohort","Hospital ICU",,33,"Adults","N",,,64,"Median",3,0.090909091,"Severe/Critical","Severely Ill",24,0.727272727,15,0.454545455,,,,,6,0.181818182,2,0.060606061,1,1,0.03030303,"No",,"D","D",33,33,"100.00%","33 (100.0%)","No",,"Yes",,23,,18,,,,4,,,,,,7,,,2,1,33
"06/29/2020 11:43","Pongpirul, W","Emerging Infectious Diseases",1446,"01/08/2020","01/31/2020","Thailand",69,"East/Southeast Asia (ex-China)","Bamrasnaradura Infectious Diseases Institute","N","Case Series >10","Hospital",,11,"Adults","N",,,55.6,"Mean",5,0.454545455,"All","All",0,0,,,0,0,0,0,3,0.272727273,2,0.181818182,,0,0,"No",,"Not reported","""Treatments - antimicrobial drugs, dose""",6,11,"54.50%","11 (54.5%)","No",,"Yes",5,,1,,,,5,,,,,,,,,,,5,11
"07/02/2020 9:33","Quartuccio, L","Journal of Clinical Virology",3920,"02/29/2020","04/06/2020","Italy",95,"Europe","Udine, Italy","N","Retrospective Cohort","Hospital",,111,"Adults","N",,"treated w/ tocilizumab vs. SOC",58.5,"Mean",34,0.306306306,"All","All",,,,,,,,,,,,,,4,0.036036036,"No",,"Not reported","""antibiotics"", in Table 1 footnote to Antibiotics ""As prophylactic treatment, before tocilizumab therapy""",21,111,"18.90%","111 (18.9%)","No",,"No",,,,,,,,,,,,,,,,,,18,111
"07/07/2020 13:39","Shi, M","Journal of Clinical Laboratory Analysis",6713,"01/01/2020","03/01/2020","China",78,"China","Hainan General Hospital, Huanggang Central Hospital, Shiyan Renmin Hospital, Wuxue people's Hospital, and Qichun people's Hospital, Wuhan","N","Retrospective Cohort","Hospital ICU",,161,"Adults","N",,,59.4,"Mean",57,0.354037267,"Severe/Critical","Severely Ill",121,0.751552795,69,0.428571429,,,11,0.068322981,8,0.049689441,25,0.155279503,,,,"No",,"E","E",138,161,"85.70%","161 (85.7%)","No",,"No",,,,,,,,,,,,,,,,,,,
"07/02/2020 11:16","Shi, Q","Diabetes Care",4382,"01/01/2020","03/08/2020","China",78,"China","Renmin Hospital, Zhongnan Hospital","N","Retrospective Cohort","Hospital",,306,"not stated","N",,"50% diabetes",63.5,"weighted average of median",156,0.509803922,"All","All",44,0.14379085,55,0.179738562,16,0.052287582,21,0.068627451,17,0.055555556,153,0.5,,47,0.153594771,"No",,"Not reported","""antibiotic therapy""",234,306,"76.50%","306 (76.5%)","No",,"No",,,,,,,,,,,,,,,,,,,
"07/02/2020 13:33","Shi, S","JAMA Cardiology",484,"01/20/2020","02/15/2020","China",78,"China","Renmin Hospital, Wuhan","Y","Retrospective Cohort","Hospital",,416,"Adults","N",,,64,"Median",211,0.507211538,"All","All",32,0.076923077,97,0.233173077,,,12,0.028846154,66,0.158653846,60,0.144230769,,57,0.137019231,"No",,"Not reported","""antibiotic treatment""",235,416,"56.50%","416 (56.5%)","No",,"No",,,,,,,,,,,,,,,,,,,
"06/29/2020 15:16","Song, C","Science China Life Sciences",149,"01/28/2020","02/09/2020","China",78,"China","Nanjing, Jiangsu Province","N","Case Series >10","Hospital",,24,"All","N",,,32.5,"Median",16,0.666666667,"All","All",0,0,0,0,1,0.041666667,0,0,4,0.166666667,2,0.083333333,0,0,0,"No",,"Not reported","Not specified",1,24,"4.20%","24 (4.2%)","No",,"No",,,,,,,,,,,,,,,,,,,
"07/13/2020 10:30","Song, W","Journal of Clinical Virology",2530,"01/31/2020","03/17/2020","China",78,"China","Central Hospital of Xiangyang city","N","Case Series >10","Hospital",,16,"Children","N",,,8.5,"Median",6,0.375,"All","All",,,,,,,,,,,,,,0,0,"No",,"Not reported","in a table",8,16,"50.00%","16 (50.0%)","No",,"No",,,,,,,,,,,,,,,,,,,
"07/09/2020 12:15","Sun D","World Journal of Pediatrics",7082,"01/26/2020","03/22/2020","China",78,"China","Wuhan Children's Hospital","Y","Case Series >10","Hospital",,36,"Children","N",,,6.4,"mean age in MONTHS",14,0.388888889,"All","All",,,,,,,,,,,,,,,,"No",,"Not reported","Not specified",15,36,"41.70%","36 (41.7%)","No",,"No",,,,,,,,,,,,,,,,,,,
"07/02/2020 9:40","Sun J","Clinical Pharmacology and Therapeutics",4046,"01/17/2020","02/29/2020","China",78,"China","First Hospital of Changsha","N","Retrospective Cohort","Hospital",,217,"Adults","N",,,45.7,"Median",111,0.511520737,"All","All",,,,,,,,,,,,,,,,"No",,"Not reported","not specified",4,82,"4.90%","82 (4.9%)","No",,"No",,,,,,,,,,,,,,,,,,,
"07/03/2020 16:01","Sun, L","Journal of Medical Virology",2072,"01/20/2020","02/15/2020","China",78,"China","Fifth Medical Center of Chinese PLA General Hospital/Beijing 302 , Beijing","N","Retrospective Cohort","Hospital",,55,"All","N",,,44,"Median",24,0.436363636,"All","All",8,0.145454545,,,,,,,1,0.018181818,5,0.090909091,,,,"No",,"E","E",29,55,"52.70%","55 (52.7%)","No",,"No",,,,,,,,,,,,,,,,,,,
"07/05/2020 0:14","Tan, N","Gastroenterology",3888,"01/28/2020","04/08/2020","China",78,"China","First Affiliated Hospital of Sun Yat-sen University, Wuhan","N","Retrospective Cohort","Hospital",,100,"Adults","N",,,67.3,"Weigthed median",49,0.49,"All","All",16,0.16,9,0.09,,,9,0.09,18,0.18,28,0.28,,11,0.11,"No",,"E","E",57,100,"57.00%","100 (57.0%)","No",,"No",,,,,,,,,,,,,,,,,,,
"07/05/2020 10:14","Tan, Y","Journal of Clinical Virology",803,"01/27/2020","03/10/2020","China",78,"China","First Affiliated Hospital of Hunan Normal University and Changsha Public Health Treatment Center of Hunan Province (North Hospital of Changsha First Hospital)","N","Case Series >10","Hospital",,10,"Children","N",,,7,"Mean",7,0.7,"Non-severe","non-severe",,,,,,,0,0,0,0,0,0,0,0,0,"No",,"E","E",1,10,"10.00%","10 (10.0%)","No",,"No",,,,,,,,,,,,,,,,,,0,10
"07/09/2020 11:21","Tian J","Lancet Oncology",6697,"01/13/2020","03/18/2020","China",78,"China","Wuhan","N","Retrospective Cohort","Hospital",,751,"Adults","N",,,64,"Median",379,0.504660453,"All","All",44,0.058588549,,,,,4,0.005326232,74,0.098535286,198,0.263648469,,102,0.135818908,"No",,"Not reported","Not specified",665,751,"88.50%","751 (88.5%)","No",,"No",,,,,,,,,,,,,,,,,,,
"07/03/2020 21:58","Tian, S","Frontiers in Medicine",2579,"not reported","not reported","China",78,"China","Liaocheng People's Hospital, Liaocheng","N","Case Series >10","Hospital",,37,"Adults","N",,,44.3,"Mean",20,0.540540541,"All","All",,,2,0.054054054,,,,,3,0.081081081,2,0.054054054,,0,0,"No",,"E","E",27,37,"73.00%","37 (73.0%)","No",,"No",17,,,,,,,,,,,,,,,,,,
"07/03/2020 11:16","Tschopp, J","American Journal of Transplantation",6712,"03/09/2020","04/06/2020","Switzerland",96,"Europe","University Hospitals of Geneva","N","Case Series >10","Hospital/Outpatient","Mixed inpatient/outpatient n=1 outpatient",21,"Adults","Y","Transplant","Transplant",56,"Median",6,0.285714286,"All","All",4,0.19047619,4,0.19047619,1,0.047619048,4,0.19047619,5,0.238095238,9,0.428571429,,2,0.095238095,"No",,"Not reported","""received antibiotics""",11,21,"52.40%","21 (52.4%)","No",,"No",,,,,,,,,,,,,,,,,,,
"06/29/2020 14:45","Wan, Y","Lancet Gastroenterology",11066,"01/19/2020","03/06/2020","China",78,"China","Guangdong, Hebei, Jiangxi provinces","N","Retrospective Cohort","Hospital",,230,"All","N",,,47.5,"Median",101,0.439130435,"All","All",9,0.039130435,,,,,,,,,,,,6,0.026086957,"No",,"Not reported","Not specified",174,230,"75.70%","230 (75.7%)","No",,"No",,,,,,,,,,,,,,,,,,,
"06/29/2020 15:33","Wang F","Travel Medicine and Infectious Disease",16358,"01/01/2020","03/01/2020","China",78,"China","Tongji Hospital, Wuhan","Y","Retrospective Cohort","Hospital",,108,"All","N",,"case cohort w/ 1/2 of patients decased",71,"Mean",36,0.333333333,"Severe/Critical","Severely Ill",,,,,,,6,0.055555556,15,0.138888889,24,0.222222222,,54,0.5,"No",,"Not reported","""antibiotics""",96,108,"88.90%","108 (88.9%)","No",,"No",,,,,,,,,,,,,,,,,,,
"06/25/2020 16:08","Wang X","Journal of Hospital Infection",8036,"01/10/2020","02/24/2020","China",78,"China","Tongji Hospital, Wuhan","Y","Retrospective Cohort","Hospital",,57,"Adults","N","Healthcare Workers","Healthcare",40,"Median",32,0.561403509,"not specified","nr",2,0.035087719,2,0.035087719,,,1,0.01754386,1,0.01754386,1,0.01754386,,1,0.01754386,"No",,"Not reported","""XX  were given antibiotic treatment""",52,57,"91.20%","57 (91.2%)","No",,"No",,,,,,,,,,,,,,,,,,,
"07/05/2020 9:28","Wang, 2020","Critical Care",7703,"01/01/2020","03/01/2020","China",78,"China","First Affiliated Hospital of Zhejiang University, China","N","Case Series >10","Hospital",,104,"All","N",,,54.5,"Mean",42,0.403846154,"All","All",15,0.144230769,42,0.403846154,8,0.076923077,4,0.038461538,7,0.067307692,13,0.125,0,,,"No",,"Not reported","""initial antibiotic treatment""",52,104,"50.00%","104 (50.0%)","No",,"Yes",,,23,,29,,7,,,,,,,,,,,,
"07/03/2020 22:35","Wang, D","JAMA",345,"01/01/2020","02/03/2020","China",78,"China"," Zhongnan Hospital of Wuhan University, Wuhan","N","Case Series >10","Hospital",,138,"Adults","N",,,56,"Median",63,0.456521739,"All","All",32,0.231884058,27,0.195652174,,,4,0.028985507,20,0.144927536,14,0.101449275,2,6,0.043478261,"No",,"E","E",138,138,"100.00%","138 (100.0%)","No",,"Yes",,,,25,89,,34,,,,,,,,,,,,
"07/07/2020 10:45","Wang, D","Critical Care",6085,"02/10/2020","02/10/2020","China",78,"China","Zhongnan Hospital and Xishui Hospital, Huanggang","N","Case Series >10","Hospital",,107,"All","N",,,51,"Median",50,0.46728972,"All","All",20,0.186915888,28,0.261682243,,,3,0.028037383,13,0.121495327,11,0.102803738,,19,0.177570093,"No",,"Not reported","I think it is empiric - however here is the quote from the study ""Secondary infection included 1 case of bacteremia caused by Staphylococcus caprae and 4 cases of bacterial pneumonia caused by Acinetobacter baumannii""",85,107,"79.40%","107 (79.4%)","No",,"No",,,,,,,,,,,,,,,,,,5,107
"06/30/2020 9:57","Wang, L","Clinical Epidemiology",1900,"01/31/2020","02/12/2020","China",78,"China"," Liaocheng Infectious Disease Hospital, Shandong Province,","N","Retrospective Cohort","Hospital",,26,"All","N",,,42,"Median",15,0.576923077,"Non-severe","Mildly Ill",,,,,5,0.192307692,,,2,0.076923077,3,0.115384615,1,,,"No",,"Not reported","The patients received the following treatments: antiviral therapy (100%), Chinese medicine (76.92%), antibiotics (50%),",13,26,"50.00%","26 (50.0%)","No",,"No",,,,,,,,,,,,,,,,,,,
"07/03/2020 15:35","Wang, R","International Journal of Infectious Disease",1861,"01/20/2020","02/18/2020","China",78,"China"," NO.2 People�s Hospital , Fuyang City","N","Retrospective Cohort","Hospital",,125,"All","N",,,39,"Mean",54,0.432,"All","All",20,0.16,6,0.048,16,0.128,,,18,0.144,,,1,0,0,"No",,"D","D",79,125,"63.20%","125 (63.2%)","No",,"No",,,,,,,,,,,,,,,,,,,
"06/29/2020 16:00","Wang, Y","American journal of respiratory and critical care medicine",1421,"01/25/2020","02/25/2020","China",78,"China","Tongji Hospital","N","Prospective Cohort","Hospital ICU",,344,"not specified","N",,,64,"Median",165,0.479651163,"Severe/Critical","Severely Ill",134,0.389534884,145,0.421511628,,,16,0.046511628,40,0.11627907,64,0.186046512,,133,0.386627907,"No",,"Not reported","283 (82.3%) patients received antiviral agents, and 266 (77.3%) received antibacterial agents",266,344,"77.30%","344 (77.3%)","No",,"No",,,,,,,,,,,,,,,,,,,
"07/02/2020 14:20","Wang, Z","Clinical Infectious Diseases",519,"01/16/2020","01/29/2020","China",78,"China","Wuhan Union Hospital","Y","Prospective Cohort","Hospital",,69,"Adults","N",,,42,"Median",37,0.536231884,"All","All",,,,,,,4,0.057971014,8,0.115942029,7,0.101449275,,5,0.072463768,"No",,"Not reported","""most antibiotics were empiric""",66,67,"98.50%","67 (98.5%)","No",,"Yes",,,,,39,,,,,,,,,,,,,3,29
"07/02/2020 8:04","Wei, X-S","Journal of Microbiology, Immunology and Infection",3529,"12/25/2019","01/31/2020","China",78,"China","Wuhan Union Hospital","Y","Retrospective Cohort","Hospital",,12,"Adults","N","Healthcare Workers","Healthcare Workers",36,"Mean",9,0.75,"Non-severe","Mildly Ill",,,,,,,0,0,0,0,0,0,0,0,0,"No",,"Not reported","During hospitalization, all these 14 HCWs received",12,12,"100.00%","12 (100.0%)","No",,"No",,,,,,,,,,,,,,,,,,0,12
"07/06/2020 10:34","Wu J","CJASN",5863,"01/30/2020","03/19/2020","China",78,"China","Wuhan","N","Retrospective Cohort","Hospital",,101,"All","Y","Dialysis","Dialysis",62,"Median",46,0.455445545,"All","All",4,0.03960396,13,0.128712871,,,1,0.00990099,15,0.148514851,20,0.198019802,,9,0.089108911,"No",,"Not reported","Not specified",64,101,"63.40%","101 (63.4%)","No",,"No",,,,,,,,,,,,,,,,,,,
"06/29/2020 14:31","Wu, C","JAMA Internal Medicine",155,"12/25/2019","02/13/2020","China",78,"China","Wuhan Jinyintan Hospital","N","Retrospective Cohort","Hospital",,201,"Adults","N",,,51,"Median",73,0.36318408,"Non-severe","Moderately Ill",66,0.328358209,84,0.417910448,,,,,8,0.039800995,22,0.109452736,,44,0.218905473,"No",,"E","E",196,201,"97.50%","201 (97.5%)","No",,"No",,,,,,,,,,,,,,,,,,0,148
"07/01/2020 23:38","Wu, F","Journal of Thoracic Disease",16354,"12/11/2019","02/20/2020","China",78,"China","Hunan, Hubei, Guangdong","N","Retrospective Cohort","Hospital/Outpatient",,1048,"Adults","Y","COPD","COPD",57,"Weighted using median",457,0.436068702,"All","All",151,0.144083969,83,0.079198473,118,0.11259542,50,0.047709924,56,0.053435115,126,0.120229008,2,52,0.049618321,"No",,"Not reported","Collected as treatments under data collection - no further details",723,1048,"69.00%","1048 (69.0%)","No",,"Yes",723,,,,,,,,,,,,,,,,,,
"07/08/2020 12:00","Wu, H","JAMA Network Open",7040,"01/25/2020","04/18/2020","China",78,"China","Wuhan Children�s Hospital, Wuhan","N","Case Series >10","Hospital",,157,"Children","N",,,7,"Median",88,0.560509554,"All","All",0,0,,,,,,,,,,,,2,0.012738854,"No",,"E","E",68,148,"45.90%","148 (45.9%)","No",,"No",,,,,,,,,,,,,,,,,,,
"07/02/2020 10:01","Wu, J","Journal of Internal Medicine",405,"01/20/2020","02/20/2020","China",78,"China"," First People�s Hospital of Yancheng City, the Second People�sHospital of Yancheng City and the Fifth People�s Hospital of Wuxi ","N","Retrospective Cohort","Hospital",,280,"All","N",,,43.1,"Mean",129,0.460714286,"All","All",84,0.3,,,,,1,0.003571429,,,34,0.121428571,,0,0,"No",,"E","E",188,280,"67.10%","280 (67.1%)","No",,"No",,,,,,,,,,,,,,,,,,6,280
"07/05/2020 10:00","Wu, J","Clinical Infectious Diseases",80,"01/22/2020","02/14/2020","China",78,"China","First People�s Hospital of Yancheng City, the second People�s Hospital of Yancheng City, and the Fifth People�s Hospital of Wuxi ","N","Retrospective Cohort","Hospital",,80,"All","N",,,46.1,"Mean",41,0.5125,"All","All",0,0,,,,,0,0,,,,,,0,0,"No",,"E","E",73,80,"91.30%","80 (91.3%)","Yes","duration of antibiotic antibiotic treatment was 3-12 days (median 7 days [IQR4-9])","No",,,,,,,,,,,,,,,,,,0,80
"07/02/2020 10:06","Xi A","J Med Virol",4351,"01/25/2020","02/05/2020","China",78,"China","Qinghai Province","N","Case Series >10","Hospital",,18,"All","N",,,32,"Median",6,0.333333333,"All","All",3,0.166666667,3,0.166666667,,,,,4,0.222222222,1,0.055555556,,0,0,"No",,"Not reported","not specified",11,18,"61.10%","18 (61.1%)","No",,"Yes",,,,,11,,,,,,,,,,,,,,
"07/05/2020 0:45","Xiong, F","Journal of the American Society of Nephrology ",4076,"01/01/2020","03/10/2020","China",78,"China","Registration system - Wuhan Hemodialysis Quality Control Center, Wuhan","N","Case Series >10","Hospital/Outpatient","Outpatient dialysis clinics and hospitalized",131,"Adults","Y","Dialysis","Dialysis",63.3,"Mean",56,0.427480916,"All","All",25,0.190839695,16,0.122137405,39,0.297709924,5,0.038167939,90,0.687022901,30,0.229007634,,,,"No",,"E","E",92,109,"84.40%","109 (84.4%)","No",,"No",,,,,,,,,,,,,,,,,,,
"07/02/2020 10:20","Xiong, Z","Chest",4413,"02/09/2020","03/05/2020","China",78,"China","Wuhan Dongxihu mobile cabin hospital for COVID","N","Retrospective Cohort","Hospital",,421,"All","N",,,52,"Median",207,0.491686461,"All","All",,,,,,,18,0.042755344,44,0.104513064,13,0.03087886,,,,"No",,"Not reported","not specified",369,421,"87.60%","421 (87.6%)","No",,"No",,,,,,,,,,,,,,,,,,,
"07/02/2020 20:00","Xu, X","BMJ",630,"01/10/2020","01/26/2020","China",78,"China","Zhejiang - 7 hospitals","N","Case Series >10","Hospital",,62,"All","N",,,41,"Median",27,0.435483871,"All","All",1,0.016129032,1,0.016129032,,,1,0.016129032,1,0.016129032,1,0.016129032,,0,0,"No",,"Not reported","""were given empirical antibiotic treatment""",28,62,"45.20%","62 (45.2%)","No",,"No",,,,,,,,,,,,,,,,,,,
"07/06/2020 22:34","Yan, J","American Journal of Obstetrics and Gynecology",5369,"01/20/2020","03/24/2020","China",78,"China","Hubei","N","Retrospective Cohort","Hospital",,116,"Adults","Y","Obstetrics","Obstetrics",30.3,"Mean",116,1,"All","All",2,0.017241379,,,,,,,,,,,,0,0,"No",,"E","E",58,65,"89.20%","65 (89.2%)","No",,"No",,,,,,,,,,,,,,,,,,,
"07/02/2020 15:50","Yang X","Lancet Respiratory Medicine",600,"12/24/2020","01/26/2020","China",78,"China","Wuhan Jin Yin-tan Hospital","N","Retrospective Cohort","Hospital ICU",,52,"Adults","N",,,59.7,"Mean",17,0.326923077,"Severe/Critical","Critically Ill",37,0.711538462,35,0.673076923,2,0.038461538,4,0.076923077,5,0.096153846,9,0.173076923,,32,0.615384615,"No",,"Not reported","""received antibacterial agents""",49,52,"94.20%","52 (94.2%)","No",,"No",,,,,,,,,,,,,,,,,,7,52
"07/13/2020 9:17","Yang, L","Journal of Clinical Virology",2125,"01/30/2020","02/08/2020","China",78,"China","Yichang Central People's Hospital","N","Prospective Cohort","Hospital",,200,"All","N",,,55,"Mean",102,0.51,"All","All",51,0.255,32,0.16,9,0.045,,,,,21,0.105,,15,0.075,"No",,"Not reported","One hundred and ninety-nine (99.5 %) of the 200 patients were treated with antiviral therapy (Abidol, Oseltamivir, Lopinavir/ritonavir), and 141 (70.5 %) received antibiotic treatment (Moxifloxacin, Ceftriaxone). ",141,200,"70.50%","200 (70.5%)","No",,"No",,,,,,,,,,,,,,,,,,,
"06/29/2020 16:17","Yang, Q","J Clin Pharm Ther",2019,"01/28/2020","02/12/2020","China",78,"China","Wuhan Third Hospital","N","Retrospective Cohort","Hospital",,136,"Adults","N",,,56,"Median",70,0.514705882,"All","All",25,0.183823529,22,0.161764706,,,,,9,0.066176471,20,0.147058824,,23,0.169117647,"No",,"D","D",133,136,"97.80%","136 (97.8%)","No",,"Yes",,,88,,51,,,4,,,,,,,,,,,
"07/07/2020 13:03","Yang, W","Journal of Infection",636,"01/17/2020","02/15/2020","China",78,"China","Wenzhou central hospital, Ruian people�s hospital and Yueqing people�s hospital,  Wenzhou","N","Retrospective Cohort","Hospital",,149,"Adults","N",,,45.1,"Mean",68,0.456375839,"All","""The worldwide accepted pneumonia severity scoring systems, including Pneumonia Severity Index (PSI)14 and the CURB-65,15 were used to assess pneumonia severity.""",0,0,,,,,,,,,,,,0,0,"No",,"E","E",34,149,"22.80%","149 (22.8%)","No",,"No",,,,,,,,,,,,,,,,,,,
"07/04/2020 9:14","Yao, Q","Polish Archives of Internal Medicine",3643,"01/30/2020","02/11/2020","China",78,"China","Dabieshan Medical Center, Huanggang","N","Retrospective Cohort","Hospital",,108,"All","N",,,52,"Median",65,0.601851852,"All","Severe, non-severe - ATS classfication",14,0.12962963,45,0.416666667,4,0.037037037,,,4,0.037037037,5,0.046296296,,12,0.111111111,"No",,"E","E",48,108,"44.40%","108 (44.4%)","No",,"No",,,,,,,,,,,,,,,,,,,
"06/30/2020 12:44","Yu, Y","Critical Care",2520,"02/27/2020","04/09/2020","China",78,"China","16 Hospitals in Wuhan","N","Prospective Cohort","Hospital ICU",,226,"Adults","N",,,64,"Median",87,0.384955752,"not specified","not specified",105,0.46460177,161,0.712389381,,,,,22,0.097345133,47,0.207964602,,87,0.384955752,"No",,"Not reported","""168 (74.3%) received antimicrobial agents""",168,226,"74.30%","226 (74.3%)","No",,"No",,,,,,,,,,,,,,,,,,26,226
"07/05/2020 23:46","Zeng, Y","International journal of gynaecology and obstetrics",4424,"not stated","02/16/2020","China",78,"China","Wuhan Union Hospital, Wuhan","Y","Retrospective Cohort","Hospital",,16,"Adults","Y","Obstetrics","Obstetrics",31,"Mean",16,1,"All","All",0,0,,,,,,,2,0.125,,,,0,0,"No",,"E","E",16,16,"100.00%","16 (100.0%)","No",,"No",,,,,,,,,,,,,,,,,,,
"07/09/2020 1:53","Zha, L","Medical Journal of Australia",796,"01/24/2020","02/29/2020","China",78,"China"," Second People�s Hospital of Wuhu and Yijishan Hospital, Wuhu ","N","Retrospective Cohort","Hospital",,31,"Adults","N",,,39,"Median",11,0.35483871,"All","All",,,,,2,0.064516129,,,,,1,0.032258065,,0,0,"No",,"E","E",15,31,"48.40%","31 (48.4%)","No",,"Yes",,,,,14,,,,,,,,,,,,,,
"07/09/2020 11:47","Zhang L","Annals of oncology",697,"01/13/2020","02/26/2020","China",78,"China","Wuhan","N","Case Series >10","Hospital",,28,"Adults","Y","Cancer","Cancer",65,"Median",11,0.392857143,"All","All",2,0.071428571,8,0.285714286,,,1,0.035714286,4,0.142857143,4,0.142857143,,8,0.285714286,"No",,"E","E",23,28,"82.10%","28 (82.1%)","No",,"No",,,,,,,,,,,,,,,,,,,
"07/07/2020 13:34","Zhang, D","The Lancet",5635,"02/06/2020","04/20/2020","China",78,"China","10 Wuhan hospitals, Hubei","N","Randomized Controlled","Hospital",,237,"Adults","N",,"Remdesivir vs placebo",65,"Median",96,0.405063291,"Severe/Critical","Severely Ill",38,0.160337553,,,,,,,,,,,,32,0.135021097,"No",,"D","D",215,236,"91.10%","236 (91.1%)","No",,"No",,,,,,,,,,,,,,,,,,,
"07/08/2020 16:01","Zhang, D","Circulation",3993,"01/29/2020","02/29/2020","China",78,"China"," West Branch of Union Hospital, Wuhan","N","Cross-sectional survey","Hospital",,143,"not specified","N",,,63,"Mean",69,0.482517483,"All","All",40,0.27972028,105,0.734265734,9,0.062937063,,,17,0.118881119,26,0.181818182,,32,0.223776224,"No",,"Not reported","""antibiotic therapy""",117,143,"81.80%","143 (81.8%)","No",,"No",,,,,,,,,,,,,,,,,,,
"07/02/2020 9:54","Zhang, H","Infection",4189,"01/22/2020","02/28/2020","China",78,"China","Huanggang, Hubei and Taian, Shandong","N","Retrospective Cohort","Hospital",,194,"All","N",,,48.3,"Median",86,0.443298969,"All","All",5,0.025773196,,,,,,,,,,,,9,0.046391753,"No",,"E","E",194,194,"100.00%","194 (100.0%)","No",,"No",,,,,,,,,,,,,,,,,,,
"06/30/2020 9:11","Zhang, Y","Diabetes Research and Clinical Practice",2120,"01/29/2020","02/12/2020","China",78,"China","West Court of Union Hospital, Wuhan","N","Retrospective Cohort","Hospital",,258,"Adults","Y","Diabetes","Diabetes",64,"Median",120,0.465116279,"All","All",43,0.166666667,62,0.240310078,,,9,0.034883721,39,0.151162791,63,0.244186047,,15,0.058139535,"No",,"D","D",162,258,"62.80%","258 (62.8%)","No",,"No",,,,,,,,,,,,,,,,,,,
"07/12/2020 17:04","Zhao, M","Aging",8843,"01/01/2020","02/14/2020","China",78,"China","Renmin Hospital, Wuhan","N","Retrospective Cohort","Hospital",,1000,"not specified","N",,,61,"Median",534,0.534,"All","All",190,0.19,,,,,23,0.023,60,0.06,118,0.118,,119,0.119,"No",,"Not reported","""antibiotic treatment""",783,1000,"78.30%","1000 (78.3%)","No",,"No",,,,,,,,,,,,,,,,,,,
"07/07/2020 14:23","Zhao, X-Y","BMC Infectious Diseases",6113,"01/16/2020","02/10/2020","China",78,"China","Jingzhou Central Hospital, Jingzhou","N","Retrospective Cohort","Hospital",,91,"Adults","N",,,46,"Median",42,0.461538462,"All","All",5,0.054945055,,,,,1,0.010989011,,,3,0.032967033,,2,0.021978022,"No",,"D","D",90,91,"98.90%","91 (98.9%)","No",,"Yes",,,,,84,,,2,,,,,,27,,,,,
"06/25/2020 15:19","Zheng T","Journal of Medical Virology",9147,"02/05/2020","03/09/2020","China",78,"China","Jianghan Fangcang Shelter Hospital, Wuhan","N","Retrospective Cohort","Hospital",,1320,"Adults","N",,,50,"Median",741,0.561363636,"All","Mixed, mild, common type",,,,,,,,,,,,,,,,"No",,"Not reported","not described",342,1320,"25.90%","1320 (25.9%)","No",,"No",,,,,,,,,,,,,,,,,,,
"07/02/2020 8:30","Zheng, F","Current Medical Science",372,"02/01/2020","02/10/2020","China",78,"China","10 hospitals in Wuhan","N","Retrospective Cohort","Hospital",,25,"Children","N",,,3,"Median",11,0.44,"All","All",2,0.08,2,0.08,,,0,0,2,0.08,0,0,0,0,0,"No",,"E","E",13,24,"54.20%","24 (54.2%)","No",,"No",,,,,,,,,,,,,,,,,,1,25
"06/30/2020 15:25","Zheng, Y","Biomed and Biotechnol",2550,"01/22/2020","03/05/2020","China",78,"China","First Affiliated Hospital School of Medicine Zhejiang University, Hangzhou","Y","Case Series >10","Hospital ICU",,34,"Adults","N",,,66,"Median",11,0.323529412,"Severe/Critical","Severely Ill",26,0.764705882,33,0.970588235,,,2,0.058823529,4,0.117647059,8,0.235294118,,0,0,"No",,"E","E",30,34,"88.20%","34 (88.2%)","No",,"No",,,,,,,,,,,,,,,,,,,
"07/09/2020 0:13","Zheng, Y","Pharmacological Research",7202,"01/16/2020","02/14/2020","China",78,"China","Taihe Hospital, Shiyan","N","Case Series >10","Hospital",,73,"Adults","N",,,43,"Mean",33,0.452054795,"All","Ordinary, severe, critical",,,,,8,0.109589041,,,12,0.164383562,4,0.054794521,,0,0,"No",,"E","E",71,73,"97.30%","73 (97.3%)","No",,"Yes",71,,,,71,,,,,,,,,,,,,,
"07/13/2020 9:00","Zhou Y","Clinical and Translational Science",3545,"01/28/2020","03/02/2020","China",78,"China"," Huangshi Central Hospital, Hubei Province","N","Retrospective Cohort","Hospital ICU",,21,"Adults","N",,,66.1,"Mean",8,0.380952381,"Severe/Critical","Severe cases and critical cases, all in the ICU",8,0.380952381,,,6,0.285714286,2,0.095238095,10,0.476190476,5,0.238095238,0,3,0.142857143,"No",,"E","E",20,21,"95.20%","21 (95.2%)","No",,"No",,,,,,,,,,,,,,,,,,,
"07/01/2020 18:01","Zhou, F","Lancet",325,"12/29/2019","02/01/2020","China",78,"China","Jinyintan Hospital and Wuhan Pulmonary Hospital","N","Retrospective Cohort","Hospital",,191,"Adults","N",,,56,"Median",72,0.376963351,"All","All",58,0.303664921,59,0.308900524,11,0.057591623,6,0.031413613,15,0.078534031,36,0.188481675,,54,0.282722513,"No",,"Not reported",""" 181 (95%) patients received antibiotics...""",181,191,"94.80%","191 (94.8%)","No",,"No",,,,,,,,,,,,,,,,,,28,191
"07/07/2020 13:10","Zhu, L","Pediatric Pulmonology",797,"01/24/2020","02/22/2020","China",78,"China","3 designated hospitals in three cities of Jiangsu province","N","Case Series >10","Hospital",,10,"Children","N",,,9.5,"Median",5,0.5,"Non-severe","non-severe",,,,,,,,,,,,,,0,0,"No",,"E","E",1,10,"10.00%","10 (10.0%)","No",,"No",,,,,,,,,,,,,,,,,,,
